athlete_id,name,country
1,James Johnson,FRA
2,Michael Moore,BRA
3,William Moore,ITA
4,James Johnson,ESP
5,Joseph Wilson,USA
6,Joseph Moore,USA
7,John Williams,BRA
8,Charles Taylor,ESP
9,John Johnson,USA
10,James Taylor,CAN
11,William Smith,JPN
12,Charles Smith,JPN
13,Charles Jones,GBR
14,William Davis,FRA
15,William Smith,CAN
16,Joseph Brown,USA
17,William Wilson,FRA
18,William Johnson,BRA
19,James Moore,CAN
20,David Johnson,ITA
21,William Brown,JPN
22,Richard Johnson,ITA
23,Thomas Smith,CAN
24,Robert Jones,GER
25,Thomas Taylor,GER
26,James Smith,USA
27,William Williams,GER
28,Robert Taylor,ITA
29,David Taylor,JPN
30,John Davis,JPN
31,Charles Wilson,GER
32,David Wilson,ITA
33,Charles Jones,ITA
34,Joseph Moore,JPN
35,Charles Taylor,FRA
36,David Taylor,BRA
37,James Miller,GER
38,William Smith,AUS
39,Charles Moore,JPN
40,William Davis,JPN
41,Thomas Jones,GER
42,William Miller,BRA
43,Robert Wilson,USA
44,Richard Davis,FRA
45,Richard Davis,FRA
46,Joseph Johnson,BRA
47,Richard Moore,AUS
48,Richard Brown,GER
49,Michael Taylor,ITA
50,Joseph Wilson,ESP
51,Michael Miller,GER
52,David Jones,BRA
53,James Miller,BRA
54,Joseph Brown,GBR
55,Michael Smith,FRA
56,William Smith,JPN
57,Thomas Miller,ITA
58,David Brown,CAN
59,James Taylor,FRA
60,Thomas Williams,USA
61,Charles Moore,USA
62,Charles Williams,FRA
63,Robert Brown,USA
64,Michael Moore,FRA
65,Richard Johnson,BRA
66,Charles Miller,GBR
67,Robert Taylor,CAN
68,Thomas Johnson,FRA
69,James Jones,ITA
70,Joseph Taylor,GER
71,James Johnson,GBR
72,Joseph Johnson,FRA
73,Robert Jones,ITA
74,John Wilson,ESP
75,John Williams,AUS
76,Charles Williams,AUS
77,Richard Smith,JPN
78,Joseph Brown,CAN
79,Richard Johnson,ESP
80,James Brown,CAN
81,David Moore,USA
82,Joseph Taylor,JPN
83,William Moore,AUS
84,Joseph Davis,CAN
85,James Brown,GER
86,David Brown,AUS
87,Richard Davis,ITA
88,James Smith,JPN
89,James Brown,BRA
90,David Jones,BRA
91,Michael Smith,CAN
92,Joseph Smith,ESP
93,John Smith,AUS
94,Robert Taylor,GBR
95,Robert Moore,USA
96,Charles Brown,USA
97,Joseph Jones,JPN
98,James Moore,AUS
99,Thomas Johnson,AUS
100,William Brown,AUS
101,Richard Williams,ESP
102,William Moore,FRA
103,Charles Williams,JPN
104,John Moore,USA
105,Charles Taylor,USA
106,James Taylor,CAN
107,William Moore,ESP
108,David Miller,GER
109,Robert Miller,ESP
110,John Miller,ESP
111,Thomas Johnson,GER
112,William Moore,ITA
113,Richard Brown,GBR
114,Charles Smith,GBR
115,Richard Moore,ESP
116,Michael Brown,BRA
117,James Johnson,GER
118,John Miller,GER
119,James Wilson,CAN
120,John Smith,ESP
121,Michael Miller,ESP
122,John Johnson,GBR
123,John Smith,GER
124,Thomas Moore,USA
125,Joseph Smith,GER
126,Charles Jones,AUS
127,Robert Brown,JPN
128,David Jones,BRA
129,Richard Smith,FRA
130,Robert Wilson,ITA
131,Charles Jones,ESP
132,William Wilson,ESP
133,David Moore,GBR
134,Joseph Taylor,ESP
135,David Wilson,GER
136,Charles Miller,CAN
137,James Smith,ITA
138,John Moore,GBR
139,Charles Taylor,CAN
140,Charles Jones,AUS
141,William Jones,ITA
142,Joseph Moore,ITA
143,John Davis,ESP
144,David Taylor,AUS
145,Thomas Miller,GER
146,Richard Brown,USA
147,Charles Johnson,JPN
148,Richard Jones,GER
149,Charles Williams,GER
150,Richard Davis,GBR
151,William Brown,FRA
152,Michael Johnson,GER
153,Joseph Taylor,JPN
154,John Smith,CAN
155,William Moore,FRA
156,Charles Jones,GER
157,Charles Johnson,BRA
158,Charles Taylor,JPN
159,Robert Wilson,GER
160,Thomas Moore,ITA
161,Joseph Wilson,FRA
162,Charles Johnson,GER
163,Robert Brown,GBR
164,James Taylor,ITA
165,Richard Johnson,CAN
166,Richard Davis,BRA
167,William Williams,FRA
168,Richard Wilson,GER
169,Michael Taylor,FRA
170,William Davis,GER
171,Joseph Johnson,FRA
172,David Taylor,USA
173,James Miller,GER
174,David Smith,FRA
175,Charles Brown,USA
176,John Johnson,CAN
177,Michael Jones,CAN
178,Joseph Jones,BRA
179,Michael Miller,BRA
180,Thomas Davis,BRA
181,Joseph Williams,USA
182,Richard Wilson,ITA
183,Charles Smith,GBR
184,John Jones,ITA
185,Michael Johnson,BRA
186,Joseph Williams,JPN
187,Thomas Johnson,JPN
188,Richard Brown,JPN
189,Joseph Davis,ITA
190,Charles Smith,ESP
191,John Wilson,FRA
192,John Taylor,GER
193,James Moore,BRA
194,William Smith,CAN
195,Thomas Miller,FRA
196,Charles Taylor,ESP
197,John Moore,GBR
198,William Wilson,GBR
199,Robert Jones,JPN
200,David Miller,CAN
